{"labels": ["Epoch", "Loss", "Precision", "Recall", "F1-Score"], "train_results": [[1.3868374192474673, 7.772877618522601, 4.954321855235419, 6.051502145922747], [0.7602248167831626, 34.929457032920055, 28.70695713281799, 31.513982642237227], [0.5103893958082135, 50.017979144192736, 48.8756148981026, 49.44019904034121], [0.33575916830325286, 62.939958592132506, 64.0899508081518, 63.50974930362118], [0.24410549446240368, 71.71646977067408, 72.5228390723823, 72.11740041928721]], "val_results": [[1.9216963669349407, 43.54838709677419, 25.471698113207548, 32.14285714285714], [1.2698403720198006, 41.17647058823529, 33.0188679245283, 36.64921465968586], [1.028234416040881, 51.06382978723404, 45.28301886792453, 48.0], [0.9834033045275458, 44.44444444444444, 52.83018867924528, 48.275862068965516], [1.0602768207418507, 47.82608695652174, 51.886792452830186, 49.7737556561086]]}