{"labels": ["Epoch", "Loss", "Precision", "Recall", "F1-Score"], "train_results": [[1.2789389799105242, 11.940298507462686, 7.946080170273147, 9.542066027689032], [0.6762894406014641, 38.801134062373436, 33.983682156793186, 36.23298033282905], [0.43694118925389025, 55.42342342342342, 54.55835402625044, 54.98748659277799], [0.29595612929571397, 66.39061421670117, 68.25115289109614, 67.30802868637397], [0.20808505631933277, 73.79549393414212, 75.5232351897836, 74.64936886395512]], "val_results": [[2.324377125707166, 36.0655737704918, 15.068493150684931, 21.256038647342994], [1.6533472784634293, 44.680851063829785, 28.767123287671232, 35.0], [1.1574914866480335, 50.331125827814574, 52.054794520547944, 51.178451178451176], [1.2326314202670394, 51.03448275862069, 50.68493150684932, 50.85910652920963], [1.2609562051707301, 53.43511450381679, 47.94520547945205, 50.54151624548736]]}