{"labels": ["Epoch", "Loss", "Precision", "Recall", "F1-Score"], "train_results": [[1.3773187662931097, 9.123013537374925, 5.622052956111716, 6.956912028725314], [0.716954441678604, 38.67306852902663, 32.13638012332245, 35.103011093502374], [0.4618977710304644, 51.01596516690856, 50.997461008342405, 51.006711409395976], [0.29350808140315465, 66.26074498567334, 67.10192237939789, 66.67868084339521], [0.21023188691411243, 74.07140281283809, 74.50126949582881, 74.28571428571428]], "val_results": [[1.8049036223312904, 40.98360655737705, 17.123287671232877, 24.154589371980677], [1.0661666475493332, 72.82608695652173, 45.89041095890411, 56.30252100840336], [0.7028511310445851, 61.875, 67.8082191780822, 64.70588235294117], [0.551940523344895, 68.26347305389223, 78.08219178082192, 72.84345047923323], [0.36848719366665544, 84.67153284671532, 79.45205479452055, 81.97879858657244]]}