{"labels": ["Epoch", "Loss", "Precision", "Recall", "F1-Score"], "train_results": [[1.4277976503308187, 6.634819532908705, 4.427913567127169, 5.311238580837052], [0.7559562105460454, 33.38735818476499, 29.1888062345023, 31.147231147231143], [0.44546503848677516, 56.463326071169206, 55.08324477506199, 55.76474807244038], [0.2878067742458126, 68.03539823008849, 68.08359900814736, 68.05949008498584], [0.19437821991991677, 76.59059474412172, 78.46262840949345, 77.51531058617674]], "val_results": [[2.0550735736715384, 28.971962616822427, 20.52980132450331, 24.031007751937985], [1.428167277369006, 43.28358208955223, 38.41059602649007, 40.70175438596491], [1.342601513040477, 44.89795918367347, 43.70860927152318, 44.29530201342281], [1.3632529686237205, 48.275862068965516, 46.35761589403973, 47.2972972972973], [1.3722000122070312, 48.07692307692308, 49.668874172185426, 48.8599348534202]]}