{"labels": ["Epoch", "Loss", "Precision", "Recall", "F1-Score"], "train_results": [[1.2955608119900595, 10.893854748603351, 5.6054617319439455, 7.402135231316727], [0.6748830772086278, 38.941711451012814, 33.84836507366152, 36.21683967704729], [0.428358562040649, 56.25, 54.65325188645347, 55.440131219245494], [0.2811833399054188, 66.22973439116937, 68.99029823931009, 67.58183738120381], [0.2035296561833996, 76.04684173172463, 77.00323392022996, 76.52204963399393]], "val_results": [[2.0539584981984107, 27.500000000000004, 14.864864864864865, 19.298245614035086], [1.7612811121447334, 38.92617449664429, 39.189189189189186, 39.05723905723905], [1.4102147858718346, 46.89655172413793, 45.94594594594595, 46.41638225255973], [1.5265424004916488, 49.333333333333336, 50.0, 49.664429530201346], [1.471868975409146, 53.42465753424658, 52.702702702702695, 53.06122448979591]]}